{"cameraMode":{"drawMode":0,"name":"Shaded","section":"Shading Mode"},"sceneLighting":false,"audioPlay":false,"sceneViewState":{"showFog":true,"showMaterialUpdate":false,"showSkybox":false,"showFlares":true,"showImageEffects":true,"showParticleSystems":true},"in2DMode":false,"pivot":{"x":0.0,"y":0.010000467300415039,"z":23.39999771118164},"rotation":{"x":0.07437506318092346,"y":-0.4785735309123993,"z":0.04072722792625427,"w":0.8739446401596069},"size":59.02561950683594,"orthographic":false}