{"cameraMode":{"drawMode":0,"name":"Shaded","section":"Shading Mode"},"sceneLighting":false,"audioPlay":false,"sceneViewState":{"showFog":true,"showMaterialUpdate":false,"showSkybox":true,"showFlares":true,"showImageEffects":true,"showParticleSystems":true},"in2DMode":false,"pivot":{"x":0.0,"y":0.49900001287460329,"z":67.0999984741211},"rotation":{"x":0.15577676892280579,"y":-0.7904632091522217,"z":0.22464853525161744,"w":0.5481234192848206},"size":0.8660253882408142,"orthographic":false}